c10,c20,label,max_nl,ok,residual_inf,seconds,status,theta,x,y
-2.0691292605358447,2.015165864730474,NL3,3,True,2.5437763007118974e-11,2.3746297359466553,OPTIMAL,0.0,-0.8606619433311183,0.8382156699211291
-2.069130055443296,2.015228449112467,NL3,3,True,8.113686389421559e-10,6.032699108123779,OPTIMAL,0.03471373097889274,-0.8606622739758031,0.8382417021255232
-2.0691355648873104,2.015343354473664,NL3,3,True,3.3832237011921507e-10,3.30792498588562,OPTIMAL,0.06942746195778549,-0.8606645656493502,0.8382894974340875
-2.0691587322280096,2.015600868471078,NL3,3,True,6.224299964330271e-10,4.899231910705566,OPTIMAL,0.10414119293667823,-0.8606742021901156,0.8383966113305834
-2.06917823442101,2.0157694613583366,NL3,3,True,2.3520092540252335e-09,5.1635730266571045,OPTIMAL,0.13885492391557097,-0.860682314199185,0.8384667381635209
-2.0691831681879496,2.0158004333813553,NL3,3,True,2.2953816625204126e-10,3.779278039932251,OPTIMAL,0.17356865489446371,-0.8606843664177306,0.8384796210906674
-2.069231472869867,2.0160639714005106,NL3,3,True,9.70005003051019e-10,7.392557144165039,OPTIMAL,0.20828238587335646,-0.8607044589282393,0.8385892407012128
-2.0692448063168953,2.0161217855751823,NL3,3,True,4.4533665644053144e-10,7.174906253814697,OPTIMAL,0.2429961168522492,-0.8607100050246816,0.8386132887202872
-2.069267897401126,2.0162104049728056,NL3,3,True,3.8709757621546714e-10,3.559976816177368,OPTIMAL,0.27770984783114194,-0.8607196098462878,0.8386501502854055
-2.069290217899677,2.016285632473367,NL3,3,True,2.6689511711808223e-09,6.260765314102173,OPTIMAL,0.3124235788100347,-0.86072889413994,0.8386814414415743
-2.069339531529427,2.016428009981641,NL3,3,True,2.599590098739668e-09,4.810622930526733,OPTIMAL,0.34713730978892743,-0.8607494063260188,0.8387406638909859
-2.0714215931390463,2.0218683125666996,NL3,3,True,1.294803153584212e-09,10.144481897354126,OPTIMAL,0.38185104076782017,-0.8616154475276236,0.8410035778057758
-2.0737157411999725,2.0273376478876233,NL3,3,True,5.67375724180863e-09,13.080830812454224,OPTIMAL,0.4165647717467129,-0.8625697068704617,0.8432785679940721
-2.0750239700263227,2.030171295039949,NL3,3,True,1.1402632214634577e-09,10.95754098892212,OPTIMAL,0.45127850272560566,-0.8631138694732934,0.8444572339727282
-2.0767448789254552,2.033525160576774,NL3,3,True,2.222377837313161e-11,2.542124032974243,OPTIMAL,0.4859922337044984,-0.8638296878736574,0.8458522867060927
-2.0801793738850063,2.0398623357224737,NL3,3,True,1.0919334325620866e-09,2.325474977493286,OPTIMAL,0.5207059646833911,-0.8652582787126284,0.848488258068614
-2.0802238288150137,2.039937449931327,NL3,3,True,1.56731205791516e-09,1.710942268371582,OPTIMAL,0.5554196956622839,-0.8652767699046388,0.8485195021006794
-2.0802677460669714,2.040005931289815,NL3,3,True,1.428808182879493e-10,2.8494720458984375,OPTIMAL,0.5901334266411766,-0.8652950374474823,0.8485479871741846
-2.0802992214821634,2.0400511659912004,NL3,3,True,6.950218178758405e-10,4.059588193893433,OPTIMAL,0.6248471576200694,-0.865308129762459,0.8485668027149742
-2.0803305938335397,2.0400933429755153,NL3,3,True,4.721114610362065e-10,3.1058311462402344,OPTIMAL,0.6595608885989621,-0.8653211792076615,0.8485843463870766
-2.080360724754624,2.040131230116842,NL3,3,True,5.965095084548011e-10,2.1753087043762207,OPTIMAL,0.6942746195778549,-0.8653337122753578,0.8486001056831745
-2.0803882458257896,2.0401628799476037,NL3,3,True,1.959346462854228e-09,2.221503973007202,OPTIMAL,0.7289883505567476,-0.8653451597663598,0.8486132705469502
-2.08040363690309,2.040179409940265,NL3,3,True,1.5953569576510063e-09,1.8068838119506836,OPTIMAL,0.7637020815356403,-0.8653515617416988,0.848620146258332
-2.0804507700827815,2.040227103282852,NL3,3,True,6.014098108408916e-10,1.5457589626312256,OPTIMAL,0.7984158125145331,-0.8653711669615382,0.8486399844799926
-2.080472225362943,2.040247003978086,NL3,3,True,3.190419040066672e-10,2.124955892562866,OPTIMAL,0.8331295434934258,-0.8653800913644116,0.8486482622475349
-2.080491545663457,2.0402639466166774,NL3,3,True,1.0218781376636343e-09,1.659703016281128,OPTIMAL,0.8678432744723186,-0.8653881277146308,0.8486553096005125
-2.0805050705324946,2.040275002993576,NL3,3,True,1.4841683437794018e-10,1.5713117122650146,OPTIMAL,0.9025570054512113,-0.8653937534337636,0.8486599085412404
-2.0805336539934216,2.0402965729167355,NL3,3,True,7.413034662876741e-10,3.1005141735076904,OPTIMAL,0.9372707364301041,-0.8654056428297031,0.8486688806302917
-2.0805786864893507,2.0403281748757363,NL3,3,True,8.231599846197923e-10,1.7584757804870605,OPTIMAL,0.9719844674089968,-0.8654243742623877,0.848682025581632
-2.080625624290602,2.040358936535882,NL3,3,True,3.782205215685508e-09,1.7908151149749756,OPTIMAL,1.0066981983878895,-0.8654438982138444,0.8486948210075661
-2.080663904152938,2.0403825228419756,NL3,3,True,1.4984402353906273e-09,1.5823230743408203,OPTIMAL,1.0414119293667823,-0.8654598208636938,0.8487046318185317
-2.0807269175150798,2.0404180714182734,NL3,3,True,3.3075076011357396e-10,2.1260008811950684,OPTIMAL,1.076125660345675,-0.8654860315039623,0.8487194183798851
-2.0808686763719506,2.0404914567396255,NL3,3,True,3.4928320236105037e-09,2.982915163040161,OPTIMAL,1.1108393913245678,-0.865544996623042,0.8487499432748211
-2.081042564497213,2.040575575381254,NL3,3,True,2.756523453939508e-09,3.678347110748291,OPTIMAL,1.1455531223034605,-0.8656173260297471,0.8487849327338921
-2.0813743306009,2.0407165085912022,NL3,3,True,5.113041101623139e-10,2.8026559352874756,OPTIMAL,1.1802668532823533,-0.8657553253635617,0.8488435544220909
-2.081621123879995,2.0408127399003484,NL3,3,True,1.1569791444208033e-09,3.376194953918457,OPTIMAL,1.214980584261246,-0.865857979937753,0.8488835821898668
-2.0818572810895972,2.040897775798318,NL3,3,True,2.4985347124584223e-11,1.997840166091919,OPTIMAL,1.2496943152401387,-0.8659562103996311,0.8489189531850944
-2.0820076058428048,2.0409453194400893,NL3,3,True,7.84594658803459e-10,3.2988688945770264,OPTIMAL,1.2844080462190315,-0.8660187385348684,0.8489387291381487
-2.082085609666108,2.040966895814871,NL3,3,True,2.7303923566535104e-09,3.7559471130371094,OPTIMAL,1.3191217771979242,-0.8660511845127162,0.8489477039107759
-2.0822040353485454,2.040994943131214,NL3,3,True,1.1744671901681158e-10,2.1150500774383545,OPTIMAL,1.353835508176817,-0.8661004441118775,0.8489593702953994
-2.08245244846979,2.0410448463817983,NL3,3,True,2.589934933183713e-10,2.801424026489258,OPTIMAL,1.3885492391557097,-0.8662037724653822,0.8489801277364378
-2.0828186957784665,2.0411048078816787,NL3,3,True,7.343261554382252e-10,2.6670279502868652,OPTIMAL,1.4232629701346025,-0.86635611438352,0.8490050689433486
-2.0832186250497173,2.0411556643127216,NL3,3,True,3.8793390721991727e-10,2.6543262004852295,OPTIMAL,1.4579767011134952,-0.8665224664381522,0.8490262228633124
-2.0834120916670877,2.0411740888739804,NL3,3,True,1.2188812181790354e-09,2.6665780544281006,OPTIMAL,1.492690432092388,-0.8666029395908216,0.8490338866274864
-2.0836173066543795,2.0411880714557378,NL3,3,True,9.344820472989568e-10,4.2762980461120605,OPTIMAL,1.5274041630712807,-0.8666882995212676,0.8490397027339122
-2.0838443124730617,2.0411949032006675,NL3,3,True,6.942448838032078e-10,3.820350170135498,OPTIMAL,1.5621178940501734,-0.8667827234283578,0.8490425444233994
-2.0839809752558787,2.0411945554133566,NL3,3,True,2.03088323935674e-09,4.21110987663269,OPTIMAL,1.5968316250290662,-0.8668395688166493,0.8490423997599854
-2.084365773749322,2.0411781414365247,NL3,3,True,7.98956900638359e-10,2.975314140319824,OPTIMAL,1.631545356007959,-0.8669996271684759,0.8490355723058155
-2.0846027051655915,2.0411581832190215,NL3,3,True,2.632629669818698e-10,1.3642382621765137,OPTIMAL,1.6662590869868517,-0.8670981796644712,0.8490272706116733
-2.0847887116491703,2.041138349695371,NL3,3,True,3.2020108786667834e-09,2.3108489513397217,OPTIMAL,1.7009728179657444,-0.8671755497469897,0.8490190207843987
-2.0849215957688405,2.0411203043527055,NL3,3,True,5.787412771240952e-10,3.6438326835632324,OPTIMAL,1.7356865489446371,-0.867230823386416,0.8490115147575966
-2.0850209242448847,2.041102585554621,NL3,3,True,1.131750915206453e-09,1.7879397869110107,OPTIMAL,1.7704002799235299,-0.8672721394321802,0.8490041445582168
-2.085129229042814,2.041078207618038,NL3,3,True,2.8602009649603133e-11,1.6221930980682373,OPTIMAL,1.8051140109024226,-0.8673171892121218,0.8489940044656309
-2.0851509215965804,2.041072449634949,NL3,3,True,1.0759837465457167e-10,2.249099016189575,OPTIMAL,1.8398277418813154,-0.867326212309826,0.8489916094113394
-2.0852425908344543,2.0410468984976733,NL3,3,True,7.59140972306227e-10,1.6077117919921875,OPTIMAL,1.8745414728602081,-0.867364342467239,0.8489809813216007
-2.085342503073798,2.0410148136234723,NL3,3,True,4.187739044425598e-10,1.4730730056762695,OPTIMAL,1.9092552038391009,-0.8674059013314996,0.8489676354999026
-2.0854404076134156,2.040978974921948,NL3,3,True,1.42173828265868e-10,1.3918042182922363,OPTIMAL,1.9439689348179936,-0.8674466250856582,0.8489527282598918
-2.0855386747145293,2.0409382262987235,NL3,3,True,6.200884250517902e-10,1.2658231258392334,OPTIMAL,1.9786826657968863,-0.8674874996486074,0.8489357787198503
-2.0856298939194104,2.040895496569415,NL3,3,True,2.3427570994272173e-10,2.2613918781280518,OPTIMAL,2.013396396775779,-0.8675254426131382,0.8489180051314301
-2.085642016964359,2.0408893103767576,NL3,3,True,1.378030134446817e-09,2.630323886871338,OPTIMAL,2.048110127754672,-0.8675304852383735,0.8489154319617902
-2.0858029960733693,2.0408047959852635,NL3,3,True,3.053852726253581e-10,1.6235888004302979,OPTIMAL,2.0828238587335646,-0.8675974450921822,0.8488802778891037
-2.085913439189034,2.0407404578908888,NL3,3,True,3.64465124746971e-10,2.3025972843170166,OPTIMAL,2.117537589712457,-0.8676433843132684,0.8488535162215796
-2.0860159357416315,2.0406749469502534,NL3,3,True,1.871658383834074e-11,2.1964972019195557,OPTIMAL,2.15225132069135,-0.8676860181321533,0.84882626670433
-2.0861078829360764,2.0406122743298605,NL3,3,True,2.075322136363411e-10,2.7561240196228027,OPTIMAL,2.186965051670243,-0.8677242639066267,0.8488001977968481
-2.0862094808796616,2.0405391009209546,NL3,3,True,4.629496785923948e-11,3.0744481086730957,OPTIMAL,2.2216787826491355,-0.8677665239457806,0.8487697610476752
-2.086289578862231,2.0404749179131665,NL3,3,True,5.0206727664203754e-11,3.6376969814300537,OPTIMAL,2.256392513628028,-0.8677998409968947,0.8487430638889886
-2.0863246844316787,2.0404453995987333,NL3,3,True,8.754465884858176e-10,2.9986732006073,OPTIMAL,2.291106244606921,-0.8678144432879158,0.848730785637287
-2.0864129022219546,2.040365953136663,NL3,3,True,2.0513124532328675e-10,3.0020060539245605,OPTIMAL,2.325819975585814,-0.8678511378029774,0.8486977395885261
-2.0864926790855933,2.0402869472950504,NL3,3,True,1.5743450987315555e-10,2.72772216796875,OPTIMAL,2.3605337065647065,-0.8678843212834886,0.8486648768174689
-2.0865344558837706,2.040244309432423,NL3,3,True,2.1542989614431463e-11,2.37374210357666,OPTIMAL,2.395247437543599,-0.8679016984966919,0.8486471414413336
-2.0865907208988794,2.0401822235577356,NL3,3,True,4.826905541932547e-10,3.9995498657226562,OPTIMAL,2.429961168522492,-0.8679251021371356,0.8486213165928908
-2.0866413774163046,2.040119698116294,NL3,3,True,5.339637620949134e-10,3.6691648960113525,OPTIMAL,2.464674899501385,-0.8679461729022933,0.8485953089050361
-2.0866419057238557,2.040119034820439,NL3,3,True,2.091899986567114e-10,3.407626152038574,OPTIMAL,2.4993886304802775,-0.8679463926537666,0.8485950330046802
-2.0866825490724175,2.0400628757853294,NL3,3,True,3.5188025826471403e-09,2.688171148300171,OPTIMAL,2.53410236145917,-0.867963298404424,0.8485716734470078
-2.0866890625081305,2.040053164900309,NL3,3,True,7.562128701010806e-10,3.8013949394226074,OPTIMAL,2.568816092438063,-0.8679660076920193,0.8485676341685864
-2.0866909517591172,2.0400500738826755,NL3,3,True,7.275642310844432e-10,3.9581351280212402,OPTIMAL,2.603529823416956,-0.8679667935329315,0.8485663484484074
-2.0867321317215732,2.039980248276849,NL3,3,True,7.65556507076326e-11,2.491060972213745,OPTIMAL,2.6382435543958485,-0.8679839224901165,0.8485373042302665
-2.0867715092128036,2.039903112842851,NL3,3,True,1.3926286790422182e-09,3.2299861907958984,OPTIMAL,2.672957285374741,-0.8680003017027506,0.8485052194621513
-2.086771509538521,2.0399031098323275,NL3,3,True,1.5955321508442921e-09,3.7290258407592773,OPTIMAL,2.707671016353634,-0.8680003018382338,0.848505218209913
-2.086808250093412,2.0398210732832163,NL3,3,True,3.518243252287334e-09,4.383337020874023,OPTIMAL,2.742384747332527,-0.8680155842074773,0.8484710948048997
-2.0868418076566924,2.0397347071152088,NL3,3,True,1.0515144310829783e-10,3.1508066654205322,OPTIMAL,2.7770984783114194,-0.8680295425996265,0.8484351704789461
-2.086844983712563,2.039725780674094,NL3,3,True,7.733571560919472e-10,3.0731849670410156,OPTIMAL,2.811812209290312,-0.8680308636917738,0.848431457492859
-2.0868714300296554,2.0396452170727595,NL3,3,True,7.067813001526702e-11,2.351902961730957,OPTIMAL,2.846525940269205,-0.8680418641348572,0.8483979467659031
-2.086874553656685,2.03963451971338,NL3,3,True,8.090514924674608e-10,3.1825578212738037,OPTIMAL,2.881239671248098,-0.8680431634190346,0.8483934971598356
-2.0868994949863113,2.0395338997135237,NL3,3,True,1.22067445040841e-09,2.4854609966278076,OPTIMAL,2.9159534022269904,-0.8680535378570338,0.8483516438999809
-2.0869198034404177,2.0394321656311574,NL3,3,True,1.7155381559774696e-09,4.126108884811401,OPTIMAL,2.950667133205883,-0.8680619852333822,0.8483093272333992
-2.0869251740048647,2.039398284688157,NL3,3,True,3.2177374098552036e-09,2.381911039352417,OPTIMAL,2.985380864184776,-0.8680642191394614,0.8482952343302631
-2.0869379652114883,2.0393143674790135,NL3,3,True,4.1559422570003335e-11,2.862678050994873,OPTIMAL,3.020094595163669,-0.8680695396890086,0.8482603286577768
-2.0869511729256858,2.039189059022797,NL3,3,True,1.6598982188753553e-09,3.4940900802612305,OPTIMAL,3.0548083261425614,-0.8680750334864165,0.8482082061434901
-2.086958419636718,2.039063277655201,NL3,3,True,1.9060397704606657e-10,3.3788840770721436,OPTIMAL,3.089522057121454,-0.8680780477825838,0.848155886919972
-2.086960632830426,2.0389602727427585,NL3,3,True,4.174505185972066e-11,4.732227087020874,OPTIMAL,3.124235788100347,-0.8680789683686653,0.8481130416469355
-2.0869610553780196,2.038900499161661,NL3,3,True,2.254774145171723e-09,2.567563772201538,OPTIMAL,3.15894951907924,-0.8680791441288943,0.8480881786055351
-2.0869570838221776,2.0387690132502363,NL3,3,True,2.2965873647251556e-10,2.6062042713165283,OPTIMAL,3.1936632500581323,-0.8680774921456016,0.8480334865559829
-2.0869465311410123,2.0386005896977917,NL3,3,True,9.77318226347279e-11,3.013298749923706,OPTIMAL,3.228376981037025,-0.8680731027189705,0.8479634301584854
-2.0869291947582993,2.0384399212406468,NL3,3,True,2.9014790570158766e-11,2.938807249069214,OPTIMAL,3.263090712015918,-0.8680658915866742,0.8478965995214653
-2.086903801997627,2.038253394618209,NL3,3,True,8.374920756892834e-10,1.91640305519104,OPTIMAL,3.297804442994811,-0.8680553293742674,0.8478190130852711
-2.086862754342444,2.0380296922424233,NL3,3,True,4.966138611450788e-10,2.7355780601501465,OPTIMAL,3.3325181739737033,-0.8680382554507805,0.8477259632574311
-2.086827201073968,2.0378638367929276,NL3,3,True,5.882383469213437e-11,1.4230561256408691,OPTIMAL,3.367231904952596,-0.8680234669376983,0.847656975071822
-2.086776983788203,2.037658428917286,NL3,3,True,3.170095519422489e-09,2.116144895553589,OPTIMAL,3.401945635931489,-0.8680025788725687,0.8475715349087559
-2.0866930358036795,2.0373655712955854,NL3,3,True,2.2577184566330288e-10,1.828993797302246,OPTIMAL,3.4366593669103818,-0.8679676603989496,0.8474497197014512
-2.0866006822883256,2.0370785910965177,NL3,3,True,8.898601855378274e-10,2.4073410034179688,OPTIMAL,3.4713730978892743,-0.8679292456137963,0.8473303492297567
-2.0865253542024527,2.036871366941447,NL3,3,True,1.7826058407166556e-09,2.8477680683135986,OPTIMAL,3.506086828868167,-0.8678979126187962,0.8472441535785667
-2.086177245953672,2.0360196557617543,NL3,3,True,9.709233417254381e-10,2.031064987182617,OPTIMAL,3.5408005598470598,-0.8677531157094878,0.8468898811737188
-2.0850776109796105,2.0335506124457856,NL3,3,True,3.3476705851853694e-09,1.7794382572174072,OPTIMAL,3.5755142908259527,-0.8672957184884532,0.845862873504831
-2.083765491312773,2.030841830781063,NL3,3,True,1.2186647246892335e-09,2.583209276199341,OPTIMAL,3.6102280218048453,-0.8667499374761781,0.8447361457860341
-2.083251526398121,2.029842234588872,NL3,3,True,2.666190157540882e-09,2.269965887069702,OPTIMAL,3.6449417527837378,-0.8665361518753045,0.8443203600650903
-2.0831069719024775,2.0295927454664446,NL3,3,True,4.551421461940208e-10,2.0214719772338867,OPTIMAL,3.6796554837626307,-0.8664760238999719,0.8442165841449273
-2.082015451532966,2.0278523240807136,NL3,3,True,7.464562301606747e-11,2.116438150405884,OPTIMAL,3.7143692147415237,-0.8660220019786125,0.843492649453834
-2.0779219480232047,2.021791174647572,NL3,3,True,5.516169743202681e-10,2.4603872299194336,OPTIMAL,3.7490829457204162,-0.8643192941038849,0.8409714920039619
-2.072874612688647,2.0146847359346314,NL3,3,True,1.7003853880481756e-10,1.5983409881591797,OPTIMAL,3.7837966766993087,-0.862219836365532,0.8380155426249178
-2.0728459071786176,2.014647986708609,NL3,3,True,1.2381231595526287e-09,2.250870943069458,OPTIMAL,3.8185104076782017,-0.8622078962028185,0.8380002566488856
-2.0727704384022,2.014557795828865,NL3,3,True,2.356729256192125e-10,1.5760142803192139,OPTIMAL,3.8532241386570947,-0.8621765046870677,0.8379627414199862
-2.0726943360226247,2.014472052678016,NL3,3,True,1.097786195281003e-09,1.9978971481323242,OPTIMAL,3.887937869635987,-0.8621448496217479,0.8379270762403165
-2.0726079545949663,2.014382316210284,NL3,3,True,2.6634516814283415e-10,1.610733985900879,OPTIMAL,3.9226516006148797,-0.8621089189484864,0.8378897500257687
-2.0725271337927134,2.0143024977379778,NL3,3,True,2.85825585422117e-10,1.751183271408081,OPTIMAL,3.9573653315937727,-0.8620753012378604,0.8378565492379788
-2.0725000785254495,2.0142776415185737,NL3,3,True,3.028890811055426e-11,1.7636780738830566,OPTIMAL,3.9920790625726656,-0.8620640474997083,0.8378462102018904
-2.072394037875469,2.0141881397885717,NL3,3,True,1.5841450373699217e-10,1.6761419773101807,OPTIMAL,4.026792793551558,-0.8620199395004523,0.8378089816273667
-2.072342572377519,2.0141480504702427,NL3,3,True,2.4673333376412643e-09,1.7285130023956299,OPTIMAL,4.061506524530451,-0.8619985322368633,0.8377923063276269
-2.072254063314576,2.014082058419647,NL3,3,True,4.831871569521695e-10,1.541938066482544,OPTIMAL,4.096220255509344,-0.861961716565862,0.8377648566909158
-2.0720831338800707,2.0139645174969583,NL3,3,True,3.689318850419454e-10,1.607093095779419,OPTIMAL,4.130933986488237,-0.861890617837484,0.8377159651108335
-2.0719815679430162,2.0139007491152836,NL3,3,True,1.8944246171770374e-10,1.4294610023498535,OPTIMAL,4.165647717467129,-0.8618483711115646,0.8376894404174071
-2.0719119958303405,2.0138596779315385,NL3,3,True,9.577319360211216e-11,2.205165147781372,OPTIMAL,4.200361448446022,-0.8618194323348342,0.837672356707128
-2.0717823226382084,2.013790341320113,NL3,3,True,1.473339228397208e-10,1.9181818962097168,OPTIMAL,4.235075179424914,-0.8617654942925538,0.8376435158880106
-2.071688243625783,2.0137437511410115,NL3,3,True,1.956497963639947e-09,2.326648712158203,OPTIMAL,4.269788910403808,-0.861726361780533,0.8376241365312684
-2.0716418250238324,2.0137227996118465,NL3,3,True,9.052774085915871e-10,3.197597026824951,OPTIMAL,4.3045026413827,-0.8617070537919391,0.8376154216654789
-2.0715055055405323,2.013666117101224,NL3,3,True,1.675226624087145e-11,2.7085540294647217,OPTIMAL,4.339216372361593,-0.8616503512003472,0.8375918443662372
-2.071392212009621,2.0136239416847403,NL3,3,True,4.937117381587086e-10,2.9298641681671143,OPTIMAL,4.373930103340486,-0.8616032263385318,0.8375743013462801
-2.0713374378131086,2.0136057673056107,NL3,3,True,7.241951482939157e-10,3.4869959354400635,OPTIMAL,4.408643834319379,-0.8615804428095789,0.8375667416462851
-2.071147045737955,2.0135504935699062,NL3,3,True,2.5140602932793854e-09,3.7675347328186035,OPTIMAL,4.443357565298271,-0.8615012485240783,0.8375437503321638
-2.0709563943511746,2.0135027641941936,NL3,3,True,1.187670628510773e-09,3.3033039569854736,OPTIMAL,4.478071296277164,-0.8614219463769506,0.8375238971223917
-2.070717633213443,2.013451038613983,NL3,3,True,1.3697953882285674e-10,4.09052300453186,OPTIMAL,4.512785027256056,-0.8613226328015683,0.8375023816766276
-2.0706300451174,2.0134344144599896,NL3,3,True,3.8553249481765306e-10,3.8097519874572754,OPTIMAL,4.5474987582349495,-0.861286200210144,0.8374954667984926
-2.0706008079854894,2.0134301574679454,NL3,3,True,5.031906002983533e-10,4.262115001678467,OPTIMAL,4.582212489213842,-0.8612740389173492,0.8374936960869593
-2.070522983977671,2.013421447459385,NL3,3,True,5.920453702468767e-10,4.811794996261597,OPTIMAL,4.616926220192735,-0.8612416677344152,0.8374900731267909
-2.0704349686099333,2.0134137092703277,NL3,3,True,2.3897406276063293e-10,5.537214994430542,OPTIMAL,4.651639951171628,-0.8612050574177545,0.8374868543985274
-2.0703820973759557,2.0134113876171957,NL3,3,True,3.1274249856494407e-10,4.305552959442139,OPTIMAL,4.6863536821505205,-0.8611830654330829,0.8374858886983488
-2.0703708268652217,2.0134113083115532,NL3,3,True,2.283050415385901e-10,4.724891185760498,OPTIMAL,4.721067413129413,-0.8611783774225967,0.8374858557108745
-2.070337983850416,2.0134118769840423,NL3,3,True,6.366651650324684e-10,7.491466999053955,OPTIMAL,4.7557811441083055,-0.8611647162495194,0.8374860922522926
-2.0702545922736624,2.0134179346518346,NL3,3,True,2.6858030244270026e-09,5.311985015869141,OPTIMAL,4.790494875087198,-0.8611300292157632,0.8374886119615412
-2.0701711149545226,2.0134261872530006,NL3,3,True,2.4977305779216863e-09,6.69398832321167,OPTIMAL,4.8252086060660915,-0.8610953065171453,0.8374920446614177
-2.070163956059165,2.0134271182857577,NL3,3,True,7.447403804761166e-10,7.043870210647583,OPTIMAL,4.859922337044984,-0.8610923287482316,0.837492431927925
-2.0701331277749904,2.0134323246179218,NL3,3,True,4.1453063204244245e-10,5.954910755157471,OPTIMAL,4.8946360680238765,-0.8610795056097872,0.8374945975209808
-2.0701299922134986,2.013432922886525,NL3,3,True,2.783404617900942e-10,6.729895830154419,OPTIMAL,4.92934979900277,-0.861078201361426,0.8374948463730115
-2.0700260688345913,2.013458175718232,NL3,3,True,1.8899363185553852e-09,5.287122964859009,OPTIMAL,4.9640635299816624,-0.8610349740488779,0.8375053503814494
-2.0699112616969955,2.0134902277788123,NL3,3,True,2.077791161347875e-09,5.78152322769165,OPTIMAL,4.998777260960555,-0.8609872195967824,0.837518682554201
-2.069903427940782,2.013492667157095,NL3,3,True,2.2161505963680384e-09,5.394806146621704,OPTIMAL,5.0334909919394475,-0.8609839611170079,0.83751969722259
-2.0698733747989504,2.013502961859953,NL3,3,True,3.680318272358818e-10,5.096441030502319,OPTIMAL,5.06820472291834,-0.8609714604018784,0.837523979342193
-2.0698631823699056,2.013506859018519,NL3,3,True,1.9056044520127102e-09,4.380948066711426,OPTIMAL,5.102918453897233,-0.860967220823445,0.8375256003796646
-2.069853699342021,2.0135109373031885,NL3,3,True,1.5335436254204637e-09,4.939044952392578,OPTIMAL,5.137632184876126,-0.8609632763230392,0.8375272967572066
-2.069820386892724,2.0135270523559248,NL3,3,True,1.7896795156957523e-11,5.6629462242126465,OPTIMAL,5.1723459158550185,-0.8609494198869547,0.837533999872797
-2.0697273449158753,2.013575740703594,NL3,3,True,2.641882268505924e-10,6.818844318389893,OPTIMAL,5.207059646833912,-0.8609107187337048,0.8375542519704894
-2.0696997893118927,2.013591697126718,NL3,3,True,1.837902052770346e-09,5.266049861907959,OPTIMAL,5.241773377812804,-0.8608992568786503,0.8375608891035079
-2.0696454928176857,2.0136239730515375,NL3,3,True,1.9700812092793285e-09,4.946455717086792,OPTIMAL,5.276487108791697,-0.8608766720517322,0.837574314393415
-2.0696426766585816,2.013625772290883,NL3,3,True,1.5742697145881834e-09,6.245964765548706,OPTIMAL,5.311200839770589,-0.8608755006599716,0.8375750627936532
-2.069615820769334,2.0136458241089104,NL3,3,True,1.7328817253673299e-09,7.359205007553101,OPTIMAL,5.345914570749482,-0.8608643298538405,0.8375834034212786
-2.069615548467055,2.013645453789967,NL3,3,True,4.870084335806268e-10,6.075062990188599,OPTIMAL,5.380628301728375,-0.8608642165887038,0.8375832493857489
-2.0695893663753466,2.013666674876181,NL3,3,True,1.1459555526727172e-10,6.175692796707153,OPTIMAL,5.415342032707268,-0.860853326051143,0.8375920763747867
-2.0695766243537714,2.013678023286275,NL3,3,True,1.1861240878374701e-09,5.93927788734436,OPTIMAL,5.45005576368616,-0.860848025960298,0.837596796787799
-2.0695708356441145,2.013683146161599,NL3,3,True,2.45666065268324e-09,7.63593864440918,OPTIMAL,5.484769494665054,-0.8608456181251772,0.8375989276666744
-2.0695100431987434,2.01374583299448,NL3,3,True,2.8677349384054196e-10,4.553092002868652,OPTIMAL,5.519483225643946,-0.8608203312834266,0.8376250024858931
-2.069470882108353,2.013788538448699,NL3,3,True,4.577915824199863e-11,5.748538017272949,OPTIMAL,5.554196956622839,-0.8608040420835195,0.837642765977
-2.0694529750601873,2.0138087490193883,NL3,3,True,2.1793677973391823e-11,7.152340888977051,OPTIMAL,5.588910687601731,-0.8607965935808244,0.8376511726383804
-2.0694357540852457,2.013830175687029,NL3,3,True,1.0100003056123796e-09,6.319736003875732,OPTIMAL,5.623624418580624,-0.860789430452816,0.8376600851397704
-2.0694104665802615,2.0138648590920867,NL3,3,True,4.770359662842338e-10,5.28826904296875,OPTIMAL,5.658338149559517,-0.8607789120219007,0.8376745118299573
-2.0694046019307657,2.0138734676974606,NL3,3,True,2.308654489802109e-09,7.18182897567749,OPTIMAL,5.69305188053841,-0.8607764725993241,0.8376780926110964
-2.0693845364825094,2.013905511629328,NL3,3,True,5.447590156748561e-10,5.483683109283447,OPTIMAL,5.727765611517302,-0.8607681263021548,0.8376914214026799
-2.0693417550928053,2.0139776716350193,NL3,3,True,7.630815979098315e-10,7.3498218059539795,OPTIMAL,5.762479342496196,-0.8607503312254028,0.8377214366230499
-2.0693409356964487,2.013979032508025,NL3,3,True,2.031165569071902e-09,3.024838924407959,OPTIMAL,5.797193073475088,-0.8607499903944678,0.8377220026831932
-2.069328616962121,2.0140042690109317,NL3,3,True,3.146527705055746e-09,5.210020065307617,OPTIMAL,5.831906804453981,-0.8607448663715137,0.8377324998996063
-2.0692999385046047,2.0140678293618017,NL3,3,True,5.922292656279637e-10,7.5345752239227295,OPTIMAL,5.866620535432873,-0.8607329374613927,0.8377589380618526
-2.0692716509562583,2.0141337978831397,NL3,3,True,2.0353305452971374e-09,4.592559099197388,OPTIMAL,5.901334266411766,-0.8607211711513818,0.8377863779114822
-2.0692630470891538,2.014157439087469,NL3,3,True,1.1463382465493055e-09,3.594669818878174,OPTIMAL,5.936047997390659,-0.8607175923411433,0.8377962115575713
-2.069252623642894,2.014187812878623,NL3,3,True,4.509238982208785e-09,4.1580071449279785,OPTIMAL,5.970761728369552,-0.8607132566702477,0.8378088456479684
-2.069235731589188,2.014242840739036,NL3,3,True,1.468976495999641e-09,4.819756984710693,OPTIMAL,6.005475459348444,-0.8607062303582397,0.837831734689356
-2.069234635288436,2.0142470998193165,NL3,3,True,6.173035416168204e-10,5.282483100891113,OPTIMAL,6.040189190327338,-0.8607057743479006,0.8378335062694988
-2.0691749892835327,2.01449768763073,NL3,3,True,2.4119412023182463e-09,5.555873155593872,OPTIMAL,6.07490292130623,-0.8606809643722887,0.8379377391933958
-2.0691676280773015,2.0145354527095702,NL3,3,True,6.476321455029313e-10,6.5679333209991455,OPTIMAL,6.109616652285123,-0.8606779024514212,0.8379534477171523
-2.0691621466348225,2.0145701164914978,NL3,3,True,2.1222016366451157e-09,6.08568000793457,OPTIMAL,6.144330383264015,-0.8606756224252159,0.8379678662450258
-2.069155016943854,2.0146261749873418,NL3,3,True,1.2725043241346157e-10,5.3175270557403564,OPTIMAL,6.179044114242908,-0.8606726568039755,0.8379911839830201
-2.069132768317193,2.0148808065903063,NL3,3,True,2.400714960160144e-09,4.561227798461914,OPTIMAL,6.213757845221801,-0.8606634024057009,0.8380970989369192
-2.0691319394081114,2.014902695902495,NL3,3,True,2.867960424701721e-09,8.872536659240723,OPTIMAL,6.248471576200694,-0.8606630576179128,0.8381062038770144
